stability,count,percent
1,156,0.663829787
2,79,0.336170213